city,state
Abbot,ME
Acton,ME
Addison,ME
Albion,ME
Alfred,ME
Alna,ME
Andover,ME
Anson,ME
Ashland,ME
Athens,ME
Auburn,ME
Augusta,ME
Aurora,ME
Bailey Island,ME
Baileyville,ME
Bangor,ME
Bar Harbor,ME
Bar Mills,ME
Bass Harbor,ME
Bath,ME
Bayville,ME
Beals,ME
Belfast,ME
Belgrade,ME
Belgrade Lakes,ME
Benedicta,ME
Bernard,ME
Berwick,ME
Bethel,ME
Biddeford,ME
Biddeford Pool,ME
Bingham,ME
Birch Harbor,ME
Blaine,ME
Blue Hill,ME
Blue Hill Falls,ME
Boothbay,ME
Boothbay Harbor,ME
Bowdoin,ME
Bowdoinham,ME
Bradford,ME
Bradley,ME
Bremen,ME
Brewer,ME
Bridgewater,ME
Bridgton,ME
Bristol,ME
Brooklin,ME
Brooks,ME
Brooksville,ME
Brookton,ME
Brownfield,ME
Brownville,ME
Brownville Junction,ME
Brunswick,ME
Bryant Pond,ME
Buckfield,ME
Bucksport,ME
Burlington,ME
Burnham,ME
Bustins Island,ME
Calais,ME
Cambridge,ME
Camden,ME
Canaan,ME
Canton,ME
Cape Elizabeth,ME
Cape Neddick,ME
Cape Porpoise,ME
Caratunk,ME
Cardville,ME
Caribou,ME
Carmel,ME
Cary,ME
Casco,ME
Castine,ME
Center Lovell,ME
Chamberlain,ME
Charleston,ME
Chebeague Island,ME
Cherryfield,ME
China,ME
Clayton Lake,ME
Cliff Island,ME
Clinton,ME
Columbia Falls,ME
Coopers Mills,ME
Corea,ME
Corinna,ME
Corinth,ME
Cornish,ME
Costigan,ME
Cranberry Isles,ME
Crouseville,ME
Cumberland Center,ME
Cumberland Foreside,ME
Cushing,ME
Cutler,ME
Damariscotta,ME
Danforth,ME
Danville,ME
Deer Isle,ME
Denmark,ME
Dennysville,ME
Detroit,ME
Dexter,ME
Dixfield,ME
Dixmont,ME
Dover Foxcroft,ME
Dresden,ME
Dryden,ME
Durham,ME
Eagle Lake,ME
East Andover,ME
East Baldwin,ME
East Blue Hill,ME
East Boothbay,ME
East Dixfield,ME
East Livermore,ME
East Machias,ME
East Millinocket,ME
East Newport,ME
East Orland,ME
East Parsonfield,ME
East Poland,ME
East Vassalboro,ME
East Waterboro,ME
East Wilton,ME
East Winthrop,ME
Easton,ME
Eastport,ME
Eddington,ME
Edgecomb,ME
Eliot,ME
Ellsworth,ME
Estcourt Station,ME
Etna,ME
Eustis,ME
Exeter,ME
Fairfield,ME
Falmouth,ME
Farmingdale,ME
Farmington,ME
Farmington Falls,ME
Fort Fairfield,ME
Fort Kent,ME
Fort Kent Mills,ME
Frankfort,ME
Franklin,ME
Freedom,ME
Freeport,ME
Frenchboro,ME
Frenchville,ME
Friendship,ME
Fryeburg,ME
Gardiner,ME
Garland,ME
Georgetown,ME
Glen Cove,ME
Gorham,ME
Gouldsboro,ME
Grand Isle,ME
Grand Lake Stream,ME
Gray,ME
Greene,ME
Greenville,ME
Greenville Junction,ME
Guilford,ME
Hallowell,ME
Hampden,ME
Hancock,ME
Hanover,ME
Harborside,ME
Harmony,ME
Harpswell,ME
Harrington,ME
Harrison,ME
Hartland,ME
Hebron,ME
Hinckley,ME
Hiram,ME
Holden,ME
Hollis Center,ME
Hope,ME
Houlton,ME
Howland,ME
Hudson,ME
Hulls Cove,ME
Island Falls,ME
Isle Au Haut,ME
Isle Of Springs,ME
Islesboro,ME
Islesford,ME
Jackman,ME
Jay,ME
Jefferson,ME
Jonesboro,ME
Jonesport,ME
Kenduskeag,ME
Kennebunk,ME
Kennebunkport,ME
Kents Hill,ME
Kingfield,ME
Kingman,ME
Kittery,ME
Kittery Point,ME
Lagrange,ME
Lambert Lake,ME
Lebanon,ME
Lee,ME
Leeds,ME
Levant,ME
Lewiston,ME
Liberty,ME
Limerick,ME
Limestone,ME
Limington,ME
Lincoln,ME
Lincolnville,ME
Lincolnville Center,ME
Lisbon,ME
Lisbon Falls,ME
Litchfield,ME
Little Deer Isle,ME
Livermore,ME
Livermore Falls,ME
Locke Mills,ME
Long Island,ME
Lovell,ME
Lubec,ME
Machias,ME
Machiasport,ME
Madawaska,ME
Madison,ME
Manchester,ME
Manset,ME
Mapleton,ME
Mars Hill,ME
Masardis,ME
Matinicus,ME
Mattawamkeag,ME
Mechanic Falls,ME
Meddybemps,ME
Medway,ME
Merepoint,ME
Mexico,ME
Milbridge,ME
Milford,ME
Millinocket,ME
Milo,ME
Minot,ME
Monhegan,ME
Monmouth,ME
Monroe,ME
Monson,ME
Monticello,ME
Moody,ME
Morrill,ME
Mount Desert,ME
Mount Vernon,ME
Naples,ME
New Gloucester,ME
New Harbor,ME
New Limerick,ME
New Portland,ME
New Sharon,ME
New Sweden,ME
New Vineyard,ME
Newagen,ME
Newcastle,ME
Newfield,ME
Newport,ME
Newry,ME
Nobleboro,ME
Norridgewock,ME
North Anson,ME
North Berwick,ME
North Bridgton,ME
North Haven,ME
North Jay,ME
North Monmouth,ME
North New Portland,ME
North Turner,ME
North Vassalboro,ME
North Waterboro,ME
North Waterford,ME
North Yarmouth,ME
Northeast Harbor,ME
Norway,ME
Oakfield,ME
Oakland,ME
Ocean Park,ME
Ogunquit,ME
Olamon,ME
Old Orchard Beach,ME
Old Town,ME
Oquossoc,ME
Orient,ME
Orland,ME
Orono,ME
Orrington,ME
Orrs Island,ME
Otter Creek,ME
Owls Head,ME
Oxbow,ME
Oxford,ME
Palermo,ME
Palmyra,ME
Paris,ME
Parsonsfield,ME
Passadumkeag,ME
Patten,ME
Peaks Island,ME
Pemaquid,ME
Pembroke,ME
Penobscot,ME
Perham,ME
Perry,ME
Peru,ME
Phillips,ME
Phippsburg,ME
Pittsfield,ME
Plymouth,ME
Poland,ME
Port Clyde,ME
Portage,ME
Porter,ME
Portland,ME
Pownal,ME
Presque Isle,ME
Princeton,ME
Prospect Harbor,ME
Quimby,ME
Randolph,ME
Rangeley,ME
Raymond,ME
Readfield,ME
Richmond,ME
Robbinston,ME
Rockland,ME
Rockport,ME
Rockwood,ME
Round Pond,ME
Roxbury,ME
Rumford,ME
Rumford Center,ME
Sabattus,ME
Saco,ME
Saint Agatha,ME
Saint Albans,ME
Saint David,ME
Saint Francis,ME
Saint George,ME
Salsbury Cove,ME
Sandy Point,ME
Sanford,ME
Sangerville,ME
Sargentville,ME
Scarborough,ME
Seal Cove,ME
Seal Harbor,ME
Searsmont,ME
Searsport,ME
Sebago,ME
Sebago Lake,ME
Sebasco Estates,ME
Sebec,ME
Sedgwick,ME
Shapleigh,ME
Shawmut,ME
Sheridan,ME
Sherman Mills,ME
Sherman Station,ME
Shirley Mills,ME
Sinclair,ME
Skowhegan,ME
Small Point,ME
Smithfield,ME
Smyrna Mills,ME
Soldier Pond,ME
Solon,ME
Sorrento,ME
South Berwick,ME
South Bristol,ME
South Casco,ME
South China,ME
South Freeport,ME
South Gardiner,ME
South Paris,ME
South Portland,ME
South Thomaston,ME
South Waterford,ME
South Windham,ME
Southport,ME
Southwest Harbor,ME
Springfield,ME
Springvale,ME
Spruce Head,ME
Squirrel Island,ME
Stacyville,ME
Standish,ME
Steep Falls,ME
Stetson,ME
Steuben,ME
Stillwater,ME
Stockholm,ME
Stockton Springs,ME
Stoneham,ME
Stonington,ME
Stratton,ME
Strong,ME
Sullivan,ME
Sumner,ME
Sunset,ME
Surry,ME
Swans Island,ME
Temple,ME
Tenants Harbor,ME
Thomaston,ME
Thorndike,ME
Topsfield,ME
Topsham,ME
Trevett,ME
Troy,ME
Turner,ME
Turner Center,ME
Union,ME
Unity,ME
Van Buren,ME
Vanceboro,ME
Vassalboro,ME
Vienna,ME
Vinalhaven,ME
Waite,ME
Waldoboro,ME
Walpole,ME
Warren,ME
Washburn,ME
Washington,ME
Waterboro,ME
Waterford,ME
Waterville,ME
Wayne,ME
Weld,ME
Wells,ME
Wesley,ME
West Baldwin,ME
West Bethel,ME
West Boothbay Harbor,ME
West Buxton,ME
West Enfield,ME
West Farmington,ME
West Forks,ME
West Kennebunk,ME
West Minot,ME
West Newfield,ME
West Paris,ME
West Poland,ME
West Rockport,ME
West Tremont,ME
Westbrook,ME
Westfield,ME
Whitefield,ME
Whiting,ME
Wilton,ME
Windham,ME
Windsor,ME
Winn,ME
Winter Harbor,ME
Winterport,ME
Winterville,ME
Winthrop,ME
Wiscasset,ME
Woolwich,ME
Wytopitlock,ME
Yarmouth,ME
York,ME
York Beach,ME
York Harbor,ME
[Return to ,p]
